{"extensionType":"field_faas","i18nMap":{"zh-CN":{"url":"请求地址","url_placeholder":"请输入请求地址","payload":"请求体 (Body)","payload_placeholder":"支持 JSON 或 key=value 格式","status":"状态码","response":"响应结果","timestamp":"请求时间","extra_params":"更多参数","retry_count":"重试次数","retry_count_placeholder":"请输入重试次数，默认为0","key1":"补充参数名 1","value1":"补充参数值 1","key2":"补充参数名 2","value2":"补充参数值 2","key3":"补充参数名 3","value3":"补充参数值 3"},"en-US":{"url":"Request URL","url_placeholder":"Please enter request URL","payload":"Request Body","payload_placeholder":"JSON or key=value format","status":"Status Code","response":"Response Body","timestamp":"Timestamp","extra_params":"More Parameters","retry_count":"Retry Count","retry_count_placeholder":"Please enter retry count, default is 0","key1":"Extra Key 1","value1":"Extra Value 1","key2":"Extra Key 2","value2":"Extra Value 2","key3":"Extra Key 3","value3":"Extra Value 3"},"ja-JP":{"url":"リクエストURL","url_placeholder":"リクエストURLを入力してください","payload":"リクエストボディ","payload_placeholder":"JSON または key=value 形式","status":"ステータスコード","response":"レスポンス結果","timestamp":"タイムスタンプ","extra_params":"その他のパラメータ","retry_count":"リトライ回数","retry_count_placeholder":"リトライ回数を入力してください。デフォルトは0です","key1":"追加キー 1","value1":"追加値 1","key2":"追加キー 2","value2":"追加値 2","key3":"追加キー 3","value3":"追加値 3"}},"fields":[{"fieldType":1,"uiSchema":{"fieldsConfigEditor":{"component":"OpenFieldMetaEditor","props":{"schema":{"items":[{"key":"url","label":"${{url}}","component":"Text","props":{"placeholder":"${{url_placeholder}}"},"validator":{"required":true}},{"key":"payload","label":"${{payload}}","component":"Text","props":{"placeholder":"${{payload_placeholder}}"},"validator":{"required":false}},{"key":"retry_count","label":"${{retry_count}}","component":"Text","props":{"placeholder":"${{retry_count_placeholder}}","defaultValue":"0"},"validator":{"required":false}},{"key":"key1","label":"${{key1}}","component":"Text","props":{},"validator":{"required":false}},{"key":"value1","label":"${{value1}}","component":"Text","props":{},"validator":{"required":false}},{"key":"key2","label":"${{key2}}","component":"Text","props":{},"validator":{"required":false}},{"key":"value2","label":"${{value2}}","component":"Text","props":{},"validator":{"required":false}},{"key":"key3","label":"${{key3}}","component":"Text","props":{},"validator":{"required":false}},{"key":"value3","label":"${{value3}}","component":"Text","props":{},"validator":{"required":false}}]}}}},"presetFieldConfig":{"fieldProperty":{"propertyType":1,"properties":[]},"externalEditorConfig":{}},"disableAutoUpdate":false}]}